Ydrhan,101,2024-11-16,2024-11-21
Ydrhan,101,2024-11-24,2024-11-16
Ydrhan,101,2024-11-21,2024-11-16
Arvin,102,2024-11-23,2024-11-21
Ydrhan,101,2024-11-21,2024-11-16
Arvin,102,2024-11-21,2024-11-18
David,103,2024-11-21,2024-11-19
Ydrhan,101,2024-11-24,2024-11-21
Arvin,102,2024-11-24,2024-11-21
Ydrhan,101,2024-11-24,2024-11-21
Ydrhan,102,2024-11-26,2024-11-24
Ydrhan,101,2024-11-18,2024-11-15
Arvin,102,2024-11-24,2024-11-21
David,103,2024-11-20,2024-11-19
Ydrhan,101,2024-11-25,2024-11-21
Ydrhan,101,2024-11-21,2024-11-24
Ydrhan,101,2024-11-21,2024-11-24
Ydrhan,101,2024-11-21,2024-11-24
David,102,2024-11-21,2024-11-25
Arvin,103,2024-11-21,2024-11-25
ydrhan,101,2024-11-24,2024-11-25
David,102,2024-11-21,2024-11-24
Arvin,103,2024-11-21,2024-11-24
Ydrhan,101,2024-11-21,2024-11-24
david,102,2024-11-21,2024-11-24
ARvin,103,2024-11-21,2024-11-24
Ydrhan,101,2024-11-21,2024-11-24
David,102,2024-11-21,2024-11-24
Arvin,103,2024-11-21,2024-11-24
Ydrhan,101,2024-11-21,2024-11-24
Daivd,102,2024-11-21,2024-11-24
Arvin,103,2024-11-21,2024-11-24
Ydrhan,101,2024-11-21,2024-11-24
David,102,2024-11-21,2024-11-24
Arvin,103,2024-11-21,2024-11-24
Ydrhan,101,2024-11-21,2024-11-24
David,102,2024-11-21,2024-11-24
Arvin,103,2024-11-21,2024-11-24
Ydrhan,101,2024-11-23,2024-11-24
David,102,2024-11-21,2024-11-24
Arvin,103,2024-11-24,2024-11-25
Ydrhan,101,2024-11-21,2024-11-24
David,102,2024-11-21,2024-11-24
Arvin,103,2024-11-21,2024-11-24
Ydrhan,101,2024-11-23,2024-11-25
Arvin,102,2024-11-21,2024-11-24
David,103,2024-11-21,2024-11-24
Ydrhan,101,2024-11-21,2024-11-24
Arvin,102,2024-11-21,2024-11-24
David,103,2024-11-21,2024-11-24
Ydrhan,101,2024-11-21,2024-11-24
David,102,2024-11-21,2024-11-24
Arvin,103,2024-11-21,2024-11-24
